row,id,pregunta,respuesta,columna_codigo,codigo_anterior,codigo_corregido
3,2,q2,Los niños siempre deben ser prioridad,codigo_q2,INFANCIA-VULNERABLE,INFANCIA-FUTURO
20,19,q2,Es muy importante eso  pero ir contra la narcocultira solucionaría más problemas,codigo_q2,URGENCIA-SEGURIDAD; INFANCIA-FUTURO; MULTIPLICIDAD-PRIORIDADES,URGENCIA-SEGURIDAD; MULTIPLICIDAD-PRIORIDADES
31,30,q2,Pasan muchas carencias y necesidades médicas,codigo_q2,INFANCIA-FUTURO,INFANCIA-VULNERABLE
35,34,q2,No opino,codigo_q2,MULTIPLICIDAD-PRIORIDADES,
38,37,q2,Porque si bien la primera infancia es importante  si una pareja está en una situación económicamente mal que no tienen para mantenerse. Hay muchísimos métodos GRATUITOS para no quedar embarazada. Creó que hay muchas familias que utilizan a sus hijos por los beneficios que el estado les da a los niños. También pienso que el gobierno tendría que priorizar otras cosas también. No hay trabajo  la salud es lamentable  la educación en decadencia  todos los días hay suicidios  la inseguridad crece cada día más y más  el narcotráfico ya instalado está haciendo desastre con la juventud destruyendo la sociedad,codigo_q2,MULTIPLICIDAD-PRIORIDADES; INFANCIA-FUTURO; URGENCIA-SEGURIDAD,MULTIPLICIDAD-PRIORIDADES; URGENCIA-SEGURIDAD; ENFOQUE-HOGAR
44,43,q2,Es importante la primer infancia.  Pero a mi parecer hay cosas más importantes. Ya que de los niños deben ocuparse los padres o tutores,codigo_q2,ENFOQUE-HOGAR; MULTIPLICIDAD-PRIORIDADES; INFANCIA-FUTURO,ENFOQUE-HOGAR; MULTIPLICIDAD-PRIORIDADES
53,52,q2,Ni deacuerdo ni desacuerdo,codigo_q2,MULTIPLICIDAD-PRIORIDADES,
62,61,q2,Estoy de acuerdo con su opinión porque siempre piensan en el pueblo,codigo_q2,INFANCIA-FUTURO,
77,76,q2,En desacuerdo,codigo_q2,MULTIPLICIDAD-PRIORIDADES,
87,86,q2,Por ser plan de gobierno que se trazo anteriormente,codigo_q2,MULTIPLICIDAD-PRIORIDADES,
92,91,q2,No sé,codigo_q2,INFANCIA-VULNERABLE,
100,99,q2,Porque no asen nada,codigo_q2,MULTIPLICIDAD-PRIORIDADES,
109,108,q2,Se juega el presente y el futuro de nuestra sociedad. Implica atención a las familias también y sus problemáticas,codigo_q2,INFANCIA-FUTURO; MULTIPLICIDAD-PRIORIDADES; ENFOQUE-HOGAR,INFANCIA-FUTURO; ENFOQUE-HOGAR
110,109,q2,Porque son los mas débiles y frágilesnPorque es un pais de tercera edad y va para peor,codigo_q2,INFANCIA-FUTURO; ENFOQUE-HOGAR,INFANCIA-VULNERABLE; AMPLIACION-EDAD
114,113,q2,Es la esencia donde hay niños bajo el nivel de pobreza hay una familia que no vive en condiciones dignas,codigo_q2,INFANCIA-VULNERABLE,INFANCIA-VULNERABLE; ENFOQUE-HOGAR
8,7,q5,Ninguna me convence mucho pero esa me parece la más cercana.,codigo_q5,SLOGAN-INFANCIA,SLOGAN-ELECCION-IDENTIDAD; ESCEPTICISMO-MARKETING
31,30,q5,4,codigo_q5,ESCEPTICISMO-MARKETING,SLOGAN-INFANCIA
34,33,q5,"porque no es potestad de los estados limosnear, sino dar derechos reales a las personas adultas que son las que tienen que administrar sus familias.",codigo_q5,SLOGAN-GENTE-AMPLIO; SLOGAN-INFANCIA; ESCEPTICISMO-MARKETING,SLOGAN-GENTE-AMPLIO; ESCEPTICISMO-MARKETING
41,40,q5,Porque creo que es el camino.,codigo_q5,ESCEPTICISMO-MARKETING,SLOGAN-GENTE-AMPLIO
52,51,q5,3,codigo_q5,ESCEPTICISMO-MARKETING,SLOGAN-ELECCION-IDENTIDAD
65,64,q5,Trabajo por Uruguay y para los uruguayos.,codigo_q5,ESCEPTICISMO-MARKETING; SLOGAN-GENTE-AMPLIO,SLOGAN-GENTE-AMPLIO
67,66,q5,Xw es el x venir,codigo_q5,ESCEPTICISMO-MARKETING,SLOGAN-INFANCIA
70,69,q5,Tenemos problemas de convivencia...y son muchos los factores   x todos conocidos que hay que apostar,codigo_q5,ESCEPTICISMO-MARKETING,SLOGAN-GENTE-AMPLIO
93,92,q5,Supongo que con esa frase quiere decir que los que eligieron este gobierno es porque quieren que el Uruguay sea así. Supongo que es eso.,codigo_q5,SLOGAN-INFANCIA; DESLINDE-RESPONSABILIDAD,DESLINDE-RESPONSABILIDAD
106,105,q5,Contesté en el mensaje anterior todo.,codigo_q5,DESLINDE-RESPONSABILIDAD,ESCEPTICISMO-MARKETING
110,109,q5,"Porque me parece que tiene que ser un poco poético, no sé si es exactamente esa frase, pero por ahí habría que ir buscando. Y porque tiene que hablar de esta tierra que es, y lo suavemente andulado me recuerda también el agua que tenemos, y es profundizar en el corazón de las niñezes para no olvidarlos.",codigo_q5,SLOGAN-INFANCIA; ESCEPTICISMO-MARKETING,SLOGAN-INFANCIA
116,115,q5,Porque como pais hay que ayudar a la gente,codigo_q5,ESCEPTICISMO-MARKETING; SLOGAN-GENTE-AMPLIO,SLOGAN-GENTE-AMPLIO
10,9,q6,No lo se,codigo_q6,IMPOTENCIA-CIUDADANA,
22,21,q6,"Uruguay el país que elegimos ser y la verdad no sé qué estará pensando el gobierno cuando puso esta frase. Uruguay el país que elegimos ser o sea que está la opción, no termino de entender que el Uruguay sería lo que nosotros, no sé, no lo entiendo.",codigo_q6,SIGNIFICADO-CONSTRUCCION; SIGNIFICADO-DEMOCRACIA,SLOGAN-VACIO
23,22,q6,"Y es complicado porque creo que puede tener muchos significados esa frase. Si es, mirando hacia el pasado y proyectando hacia el futuro lo que quisiéramos hacer, dudo que quisiéramos ser lo que somos, porque ya hace un tiempo que no se conoce Uruguay, la verdad, por lo que era, por lo que fue o por lo que quisimos hacer, tiene ese sentido, pero la verdad que no, obviamente que no estamos, orgullo de ser uruguayos, pero creo que no estamos como quisiéramos estar.",codigo_q6,SIGNIFICADO-CONSTRUCCION,SIGNIFICADO-CONSTRUCCION; RECHAZO-REPROCHE
31,30,q6,La educación es primordial para la formación del individuo,codigo_q6,SIGNIFICADO-CONSTRUCCION,
35,34,q6,No se,codigo_q6,IMPOTENCIA-CIUDADANA,
37,36,q6,Creo que significa que podés ser quien quieras ser y no creo que sea así,codigo_q6,SIGNIFICADO-CONSTRUCCION,SIGNIFICADO-CONSTRUCCION; RECHAZO-REPROCHE
43,42,q6,Que somos uruguayos que nosotros elegimos ser uruguaya,codigo_q6,SIGNIFICADO-CONSTRUCCION,SIGNIFICADO-CONSTRUCCION; SIGNIFICADO-DEMOCRACIA
44,43,q6,Y porque lamentablemente la mayoría eligió al gobierno actual. Que es malo? Si es malo pero es lo que hay.,codigo_q6,SIGNIFICADO-DEMOCRACIA; IMPOTENCIA-CIUDADANA,SIGNIFICADO-DEMOCRACIA; IMPOTENCIA-CIUDADANA; RECHAZO-REPROCHE
45,44,q6,No sé,codigo_q6,IMPOTENCIA-CIUDADANA,
65,64,q6,una mentira,codigo_q6,SLOGAN-VACIO,RECHAZO-REPROCHE
85,84,q6,No la entiendo,codigo_q6,SIGNIFICADO-DEMOCRACIA,SLOGAN-VACIO
86,85,q6,Significa algo que ellos creen,codigo_q6,SIGNIFICADO-CONSTRUCCION,SLOGAN-VACIO
90,89,q6,Tenemos lo q elegimos o eligieron,codigo_q6,,SIGNIFICADO-DEMOCRACIA
100,99,q6,Pa no sabria desirte,codigo_q6,IMPOTENCIA-CIUDADANA,
109,108,q6,Una utopia,codigo_q6,SLOGAN-VACIO; SIGNIFICADO-DEMOCRACIA,SLOGAN-VACIO
113,112,q6,Mirando el contexto regional  creo firmemente  que lo mucho  poco o más o menos  que haga el gobierno actual  siempre será mucho mejor  que lo que realizan los gobiernos de derecha.,codigo_q6,SIGNIFICADO-DEMOCRACIA,
116,115,q6,Y es como decir que elegimos nuestra identidad pero no se si hay en dia uruguay esta tan abierto en ese sentido,codigo_q6,SIGNIFICADO-CONSTRUCCION,SIGNIFICADO-DEMOCRACIA; IMPOTENCIA-CIUDADANA
27,26,q7,Una frase con alto contenido político dando vuelta la realidad no es tierra Firme . Uruguay Pais sinuoso y precario Asefalos de Autoridades,codigo_q7,RECHAZO-DECADENCIA; FIRME-DEMOCRACIA,RECHAZO-DECADENCIA
30,29,q7,"Y yo que se puede ser una buena posibilidad, cuando la casa no es un buen lugar, la escuela se transforma en un espacio de refugio. No, esto es mío. Trae leña afuera si tenemos la estufa. Ay, no. Me salieron una película conmigo.",codigo_q7,FIRME-SEGURIDAD; CRUCE-INFANCIA-FUTURO,CRUCE-INFANCIA-FUTURO
35,34,q7,Bo se,codigo_q7,RECHAZO-INMOVILISMO,
42,41,q7,La frase insinúa Ser inamovible o cómo q si intentan invadirnos nos vamos a plantar ? lo q cual sería un chiste,codigo_q7,FIRME-SEGURIDAD; FIRME-CERTEZAS,FIRME-SEGURIDAD; FIRME-CERTEZAS; RECHAZO-INMOVILISMO
43,42,q7,Eso se si no es tierra firmen por hora no estaría pasando,codigo_q7,FIRME-CERTEZAS; FIRME-SEGURIDAD,RECHAZO-DECADENCIA
47,46,q7,Q elegimos vivir en Uruguay q no somos nomades,codigo_q7,FIRME-CERTEZAS; FIRME-SEGURIDAD,LITERAL-GEOGRAFICO
48,47,q7,No se,codigo_q7,RECHAZO-INMOVILISMO,
53,52,q7,Que uruguay pase por lo q pase aun sigue firme c sus ideas,codigo_q7,FIRME-DEMOCRACIA; RECHAZO-INMOVILISMO,FIRME-DEMOCRACIA
67,66,q7,Estar bien hubivsdo con buen porvenir,codigo_q7,FIRME-CERTEZAS; FIRME-SEGURIDAD,FIRME-CERTEZAS
69,68,q7,Q tiene. Mucho para trabajar y explotar,codigo_q7,LITERAL-GEOGRAFICO; FRUSTRACION-EXTRANJERIZACION,LITERAL-GEOGRAFICO
78,77,q7,"No lo sé, no me identifico en esa frase. Para nada.",codigo_q7,CRUCE-INFANCIA-FUTURO,
81,80,q7,No se,codigo_q7,CRUCE-INFANCIA-FUTURO,
92,91,q7,No se,codigo_q7,RECHAZO-INMOVILISMO,
95,94,q7,Que somos en función de las buenas y malas decisiones nnTierra firme de costumbres arraigadas,codigo_q7,FIRME-DEMOCRACIA,FIRME-CERTEZAS
98,97,q7,Impuestos,codigo_q7,FIRME-CERTEZAS,
110,109,q7,Me suena a tiranos temblados,codigo_q7,RECHAZO-INMOVILISMO; FIRME-DEMOCRACIA,FIRME-DEMOCRACIA
115,114,q7,"Tierra firme me parece, de seguridad, donde uno puede no construir sobre la arena. O sea, parece que es una metáfora que tendría que ser bien implementada y creo que en muchas cosas es verdad. Uruguay es una tierra firme.",codigo_q7,FIRME-CERTEZAS; FIRME-SEGURIDAD; FIRME-DEMOCRACIA,FIRME-CERTEZAS; FIRME-SEGURIDAD
116,115,q7,Creo que se refiere a que se mantiene firme a los cambios del mundo,codigo_q7,FIRME-CERTEZAS; FIRME-SEGURIDAD,FIRME-CERTEZAS
22,21,q8,"y más o menos lo mismo que explique cuando elegí esa frase, si cambia la infancia, si cambia la educación, la contención que se le está teniendo a los niños, me refiero a la infancia en aquellas personas que están en un sistema en que se vulneren sus derechos, si cambian esos aspectos que ya no exista ningún niño en el que no se cumplan los derechos y la infancia, en el que hayan padres presentes o en el caso de que no un gobierno presente, que el niño se sienta solo, que no vea como una herramienta fácil caer en la droga, en la delincuencia, si cambian esos aspectos, está bien Uruguay.",codigo_q8,INFANCIA-DERECHOS; INFANCIA-PREVENCION,INFANCIA-DERECHOS; INFANCIA-PREVENCION; INFANCIA-FUTURO
24,23,q8,La infancia no puede cambiar por si misma . Son frases patéticas . Hechos   hechos no palabras necesita el pais,codigo_q8,RECHAZO-RESPONSABILIDAD,RECHAZO-RESPONSABILIDAD; ESCEPTICISMO-MARKETING
26,25,q8,Se puede referir a qué si los niños se crían de una manera saludable  y con educación el día de mañana serán buenas personas que se dedicarán a salir adelante por buen camino,codigo_q8,INFANCIA-FUTURO; INFANCIA-DERECHOS,INFANCIA-FUTURO; INFANCIA-DERECHOS; INFANCIA-PREVENCION
35,34,q8,No se,codigo_q8,DESVÍO-EXPECTATIVA-GOV,
38,37,q8,No sé pienso analizando la frase que es como para que la población tome conciencia para prevenir embarazoscuando la situación económica no es la correcta.,codigo_q8,INFANCIA-PREVENCION; INFANCIA-DERECHOS; DESVÍO-EXPECTATIVA-GOV,INFANCIA-PREVENCION; DESVÍO-EXPECTATIVA-GOV
39,38,q8,"No, la verdad que no entiendo, no sé qué tiene que cambiar la infancia. Tendrá que cambiar... No sé.",codigo_q8,DESVÍO-EXPECTATIVA-GOV,
40,39,q8,"No lo sé, es una frase a la que no le encuentro mucho sentido porque en realidad para mí no creo que si cambia la infancia en sí, cambia el Uruguay, sino que tener en cuenta varios factores.",codigo_q8,DESVÍO-EXPECTATIVA-GOV,ESCEPTICISMO-MARKETING
43,42,q8,Eso no creo cambie Uruguay por hoy gurises alguno que estudien son pocos hora los estudien carreras universitarias cuando tengan 50 por ciento carrera tiene pagar 6000 pesos si no trabajas de estudias de dónde vas pagar a mi hijos le pasó,codigo_q8,DESVÍO-EXPECTATIVA-GOV; INFANCIA-DERECHOS; ESCEPTICISMO-MARKETING,DESVÍO-EXPECTATIVA-GOV; ESCEPTICISMO-MARKETING
45,44,q8,No se,codigo_q8,DESVÍO-EXPECTATIVA-GOV,
47,46,q8,Más educación,codigo_q8,INFANCIA-DERECHOS; INFANCIA-FUTURO,INFANCIA-DERECHOS
49,48,q8,Seria menos caótico. Se viviría sin menos riesgos.,codigo_q8,INFANCIA-PREVENCION; INFANCIA-FUTURO,INFANCIA-PREVENCION
53,52,q8,No lo se no estaria muy segura sobre el significado,codigo_q8,DESVÍO-EXPECTATIVA-GOV,
58,57,q8,Es una buena frase  ya que concuerda con mis creencias de que la prioridad es educar a las infancias,codigo_q8,INFANCIA-DERECHOS; INFANCIA-PREVENCION,INFANCIA-DERECHOS
62,61,q8,Pienso q si la infancia toma mejores medidas el pueblo cambiaría,codigo_q8,INFANCIA-FUTURO; INFANCIA-DERECHOS,INFANCIA-FUTURO
63,62,q8,Si la infancia realmente fuera una prioridad  y no políticas emparchadas de tranferencia en transferencias  el cambio sería real y paulatino para mejor. Pero llevaría varias generaciones.,codigo_q8,INFANCIA-FUTURO; INFANCIA-DERECHOS,INFANCIA-FUTURO; CRÍTICA-ASISTENCIALISMO
65,64,q8,"Ay, ¿qué quiere decir que si va a cambiar la infancia, que va a cambiar el país?",codigo_q8,DESVÍO-EXPECTATIVA-GOV,
67,66,q8,Sería general,codigo_q8,INFANCIA-FUTURO,
77,76,q8,"Bueno, eso es lo mismo que decir que nos ocupemos de la infancia para lograr en el tiempo tener un país mejor y estar en una situación social mejor. Lo cual, es decir, no tenemos que preocupar de la infancia, no tenemos que preocupar de la vejez, no tenemos que preocupar del trabajo y no tenemos que preocupar por nuestro país. No solo de la infancia, son todos elementos de primera necesidad que deben ser atendidos.",codigo_q8,INFANCIA-FUTURO; INFANCIA-DERECHOS,INFANCIA-FUTURO; INFANCIA-DERECHOS; DESVÍO-EXPECTATIVA-GOV
81,80,q8,No se,codigo_q8,DESVÍO-EXPECTATIVA-GOV,
84,83,q8,Refiere a la educación,codigo_q8,INFANCIA-DERECHOS; INFANCIA-FUTURO,INFANCIA-DERECHOS
85,84,q8,no la entiendo,codigo_q8,DESVÍO-EXPECTATIVA-GOV,
89,88,q8,"Me parece que sí, que se enfocan solo en la primera infancia, que es como que bueno, si cambiamos, pero también puedes prestarse al adoctrinamiento, así que me parece que no es una frase correcta que debería usar el Gobierno.",codigo_q8,CRÍTICA-ASISTENCIALISMO; INFANCIA-DERECHOS,CRÍTICA-ASISTENCIALISMO; DESVÍO-EXPECTATIVA-GOV
90,89,q8,Q no es solo la infancia también niñez y adolescencia,codigo_q8,INFANCIA-FUTURO,DESVÍO-EXPECTATIVA-GOV
98,97,q8,Más real,codigo_q8,INFANCIA-FUTURO,
100,99,q8,Viva Uruguay,codigo_q8,DESVÍO-EXPECTATIVA-GOV,
103,102,q8,EN SU CONTENIDO ESTA EL SIGNIFICADO QUE TODOS ESPERAMOS,codigo_q8,DESVÍO-EXPECTATIVA-GOV,
108,107,q8,Todo lo que se mejore a las infancias implica mejorar las condiciones de sus familias y a su vez del resto de la sociedad,codigo_q8,INFANCIA-FUTURO,INFANCIA-FUTURO; INFANCIA-DERECHOS
109,108,q8,Un rumbo. Comienza con las desiciones que se toman hoy.,codigo_q8,INFANCIA-DERECHOS; INFANCIA-PREVENCION; DESVÍO-EXPECTATIVA-GOV,INFANCIA-FUTURO
116,115,q8,Estoy de acuerdo   puede venir en mano de que como te crían   aun asi por cosas de la vida no funciona   pueden crearte bajo puro amor pero si queres ser un reo lo vas a ser,codigo_q8,INFANCIA-FUTURO,INFANCIA-FUTURO; INFANCIA-PREVENCION; ESCEPTICISMO-MARKETING
2,1,q9,Con un país para todos igual!!!,codigo_q9,CONTRIB-INFANCIA-VULN; CONTRIB-REFORMA-SOCIAL,CONTRIB-REFORMA-SOCIAL
9,8,q9,Por mejorar la vida de la gente y dejar cambios positivos para el futuro de Uruguay.,codigo_q9,CONTRIB-EMPLEO-ECON,CONTRIB-REFORMA-SOCIAL
10,9,q9,Mejora en la calidad de vida de todos los uruguayos especialmente en salud  vivienda y educación...,codigo_q9,CONTRIB-EDUCACION,CONTRIB-REFORMA-SOCIAL; CONTRIB-EDUCACION
11,10,q9,Por atender a la población vulnerable,codigo_q9,CONTRIB-INFANCIA-VULN,CONTRIB-REFORMA-SOCIAL
15,14,q9,Por más seguridad en las calles y más planes de viviendas para la gente q no cuenta con una casa digna,codigo_q9,CONTRIB-SEGURIDAD,CONTRIB-SEGURIDAD; CONTRIB-REFORMA-SOCIAL
16,15,q9,Por las infancias  por la seguridad y por mejorar el bienestar de todos sus ciudadanos,codigo_q9,CONTRIB-INFANCIA-VULN; CONTRIB-SEGURIDAD,CONTRIB-INFANCIA-VULN; CONTRIB-SEGURIDAD; CONTRIB-REFORMA-SOCIAL
25,24,q9,Porque marco diferencia en el tema educación y sskud,codigo_q9,CONTRIB-EDUCACION; CONTRIB-SEGURIDAD,CONTRIB-EDUCACION; CONTRIB-REFORMA-SOCIAL
26,25,q9,Me encantaría poder recordarlo cómo el gobierno que sacó a flote una situación complicada por ej en tema salud y trabajo,codigo_q9,APOYO-CONTINUIDAD; CONTRIB-EMPLEO-ECON,CONTRIB-REFORMA-SOCIAL; CONTRIB-EMPLEO-ECON
27,26,q9,Yo va a hacer ninguna contribución al País si de lo que prometen no cumplen nada y vamos en caida libre al precipicio . Mal la Seguridad.la educación  .la salud no hay nada bien cada dia nos sumergen más tenemos el peor gobierno de la historia con el sistema político más corrupto de la historia,codigo_q9,RECHAZO-GABINETE; CONTRIB-SEGURIDAD; CONTRIB-EDUCACION,RECHAZO-GABINETE; CONTRIB-SEGURIDAD; CONTRIB-EDUCACION; CONTRIB-REFORMA-SOCIAL
30,29,q9,Acceso a la vivienda,codigo_q9,CONTRIB-INFANCIA-VULN,CONTRIB-REFORMA-SOCIAL
34,33,q9,"por reindustrializar, dar trabajo y seguridad. Lo principal. De lo demás se encarga el pueblo y su gente y las familias y las entidades privadas, etc. Ellos lo único que tienen que hacer es dar un lugar para trabajar digno, un lugar para vivir digno, una ciudad limpia y segura. De lo demás se encarga el pueblo. Que se dejen de hacer comisiones y ONG que son todos para robar dinero.",codigo_q9,CONTRIB-EMPLEO-ECON; CONTRIB-SEGURIDAD; CONTRIB-INFANCIA-VULN,CONTRIB-EMPLEO-ECON; CONTRIB-SEGURIDAD; CONTRIB-REFORMA-SOCIAL
45,44,q9,Por dar prioridad a la gente,codigo_q9,APOYO-CONTINUIDAD,CONTRIB-REFORMA-SOCIAL
48,47,q9,No se,codigo_q9,APOYO-CONTINUIDAD,
49,48,q9,Por las contribuciones hacia la parte de la salud mental,codigo_q9,CONTRIB-INFANCIA-VULN,CONTRIB-REFORMA-SOCIAL
57,56,q9,Por poner totalmente en práctica la ley de salud mental.,codigo_q9,CONTRIB-INFANCIA-VULN,CONTRIB-REFORMA-SOCIAL
62,61,q9,Ayudar a la población de bajos recursos,codigo_q9,CONTRIB-INFANCIA-VULN; CONTRIB-EMPLEO-ECON,CONTRIB-REFORMA-SOCIAL
63,62,q9,No lo sé  que admitan que este gobierno les quedó grande  alguna obra  según la ministra de salud  se empezaba el año próximo a construir el hospital de la costa de oro.,codigo_q9,APOYO-CONTINUIDAD,RECHAZO-GABINETE; CONTRIB-REFORMA-SOCIAL
76,75,q9,Por brindar medios para mejorar el alcance al trabajo y la educación y salud mental,codigo_q9,CONTRIB-EMPLEO-ECON; CONTRIB-EDUCACION; CONTRIB-INFANCIA-VULN,CONTRIB-EMPLEO-ECON; CONTRIB-EDUCACION; CONTRIB-REFORMA-SOCIAL
79,78,q9,Por darle viviendas a todas las personas que no la tienen,codigo_q9,CONTRIB-INFANCIA-VULN,CONTRIB-REFORMA-SOCIAL
90,89,q9,No lo se,codigo_q9,APOYO-CONTINUIDAD,
91,90,q9,Por bajar los índices de pobreza  por el combate al delito,codigo_q9,CONTRIB-SEGURIDAD; CONTRIB-INFANCIA-VULN,CONTRIB-SEGURIDAD; CONTRIB-REFORMA-SOCIAL
96,95,q9,Uffff  uno solo? Por la gente que no llega a fin de mes  la queno tiene para comer  la que pasa frio  la que sufre,codigo_q9,CONTRIB-INFANCIA-VULN,CONTRIB-REFORMA-SOCIAL
97,96,q9,Por la libertad de expresión   democracia   poder haber cambiado algo en la salud y educacion,codigo_q9,CONTRIB-EDUCACION,CONTRIB-EDUCACION; CONTRIB-REFORMA-SOCIAL
99,98,q9,Porque hizo las cosas bien por su gente en general  trabajo educación formación y salud,codigo_q9,CONTRIB-EMPLEO-ECON; CONTRIB-EDUCACION,CONTRIB-EMPLEO-ECON; CONTRIB-EDUCACION; CONTRIB-REFORMA-SOCIAL
101,100,q9,Necesitamos un país productivo con buena atención en salud y trabajo,codigo_q9,CONTRIB-EMPLEO-ECON,CONTRIB-EMPLEO-ECON; CONTRIB-REFORMA-SOCIAL
105,104,q9,porque pudo priorizar y lograr cambios en la calidad de vida de las infancias  de la gente en oportunidades de trabajo  vivienda  en mejorar la educación y la seguridad  y por encaminar el tema de la seguridad social y por hacer del país un mejor lugar para vivir.,codigo_q9,CONTRIB-INFANCIA-VULN; CONTRIB-EDUCACION; CONTRIB-SEGURIDAD,CONTRIB-INFANCIA-VULN; CONTRIB-EDUCACION; CONTRIB-SEGURIDAD; CONTRIB-EMPLEO-ECON; CONTRIB-REFORMA-SOCIAL
112,111,q9,Apoyo a los vulnerables  a la cultura y desarrollo social,codigo_q9,CONTRIB-INFANCIA-VULN,CONTRIB-REFORMA-SOCIAL
117,116,q9,Que mejore la salud publica y seguridad a la ciudadanía.,codigo_q9,CONTRIB-SEGURIDAD,CONTRIB-REFORMA-SOCIAL; CONTRIB-SEGURIDAD
3,2,q11,El lugar natural de los niños es la secuela,codigo_q11,EDU-INTEGRAL-SOCIAL; EDU-HERRAMIENTA-FUTURO,EDU-INTEGRAL-SOCIAL
10,9,q11,Acceso a la educación y cultura  valores y cuidados,codigo_q11,EDU-INTEGRAL-SOCIAL; EDU-HERRAMIENTA-FUTURO,EDU-INTEGRAL-SOCIAL
18,17,q11,La educación es la base de todo ciudadano,codigo_q11,EDU-OBLIGACION-CIVICA; EDU-INTEGRAL-SOCIAL; EDU-HERRAMIENTA-FUTURO,EDU-INTEGRAL-SOCIAL
22,21,q11,"La educación de chiquitos es la base del futuro. Sin educación no podemos ser personas pensantes, no podemos razonar, no podemos debatir, no podemos discutir sobre ningún tema. La educación como base para evitar delincuencia.",codigo_q11,EDU-CONTENCION-ESTADO; EDU-INTEGRAL-SOCIAL,EDU-PENSAMIENTO-CRITICO; EDU-CONTRA-DELINCUENCIA; EDU-HERRAMIENTA-FUTURO
30,29,q11,es un espacio de desarrollo,codigo_q11,EDU-INTEGRAL-SOCIAL; EDU-HERRAMIENTA-FUTURO,EDU-INTEGRAL-SOCIAL
48,47,q11,porque la educación siempre es bueno no tener la fundamentalidad,codigo_q11,EDU-HERRAMIENTA-FUTURO; EDU-PENSAMIENTO-CRITICO,EDU-HERRAMIENTA-FUTURO
54,53,q11,"Bueno, no se precisa mucho de un asesino para poder contestar por qué razón. Porque para formar la República, decía Varela, lo primero que hay que hacer es formar republicano. Y para formar la democracia, es decir, las democracias cómo surgen en función de la alfabetización de la población. Y eso fue lo que pasó en nuestro país y en muchos lugares europeizados, ¿verdad? Incluido América, incluida las democracias europeas también. Por lo tanto, yo creo que concurrir a educarse no es un derecho, es un deber de quienes tienen a su cargo a niños y adolescentes. Porque al tener la patria protestada, la tutela, sea la figura legal que sea, tienen la obligación de hacerlo. Es obligatorio por constitución, está en plena vigencia. Ahora, es sentido que se van a pagar todo lo que el MIDE le aporta a las familias en situación de vulnerabilidad. Se va a pagar aunque no vayan a los centros educativos. Bueno, ¿queremos formar ciudadanos? ¿Queremos mejorar el país? Realmente, si uno escucha eso, lo lea eso y lo ve todos los días, porque uno lo ve todos los días a los jóvenes deambulando sin son ni son, y los niños trabajando o no haciendo nada en su casa, dormiendo hasta cualquier hora, realmente el país tiene muy poco futuro. Ahí está la base del país. Mucha gente se enoja cuando uno dice que los niños adolescentes son el futuro del país porque no, no, el futuro es hoy, etcétera, etcétera. No, no, al futuro lo tenemos que formar. Tenemos que formar a los niños adolescentes, formarlo joven. ¿Cómo? En los centros educativos. ¿Son gratuitos? Sí, son gratuitos. ¿Son obligatorios? Sí, son obligatorios. ¿Soy laico? Sí, lo son. Entonces, ¿qué más necesitamos? Se les da la comida, se les aporta con la asignación, el mío le da canastas, le da aportes por cada hijo. Bueno, entonces claro que tienen que estar en los centros de enseñanza. ¿Por qué la droga? Y porque no hay tiempos para formar a jóvenes. Por ejemplo, los centros educativos de segundo ciclo, llámese enseñanza media, iban hasta los sábados. Se necesitaban clases como cualquier día los saban. Pues no, hubo que sacar porque así descansaban. No, no. Están en la calle todo el sábado, todo el domingo, todos los feriados y en la calle lo que tiene es droga para ofrecer. Y con la demoralización, con la falta de valores, con la falta de presencia de los padres o de un adulto referente en sus vidas, claro que son tentados permanentemente. Y ahí está que campean por el Uruguay la droga en cualquier punto del país que se hable.",codigo_q11,EDU-OBLIGACION-CIVICA; EDU-CONTENCION-ESTADO; CRÍTICA-PEDAGÓGICA-REFORMA,EDU-OBLIGACION-CIVICA; EDU-CONTENCION-ESTADO; CRÍTICA-PEDAGÓGICA-REFORMA; EDU-HERRAMIENTA-FUTURO; EDU-CONTRA-DELINCUENCIA
65,64,q11,"porque a partir de la infancia partís el país, pero también tiene que preocuparse por la gente grande no solo, tiene que preocuparse por los sectores carenciados, por la gente que no tiene trabajo",codigo_q11,EDU-CONTENCION-ESTADO; EDU-OBLIGACION-CIVICA; EDU-HERRAMIENTA-FUTURO,
67,66,q11,Q quieren q seamos analfabetos,codigo_q11,EDU-HERRAMIENTA-FUTURO; EDU-PENSAMIENTO-CRITICO,EDU-PENSAMIENTO-CRITICO; CRÍTICA-PEDAGÓGICA-REFORMA
70,69,q11,Garantia de asegurar aprendizajes  salir de hogares hostiles,codigo_q11,EDU-CONTENCION-ESTADO; EDU-CONTRA-DELINCUENCIA,EDU-CONTENCION-ESTADO; EDU-HERRAMIENTA-FUTURO
79,78,q11,Para que se instruyan y no sean analfabetos ignorantes  a los que cualquier político les compré el voto a cambio de una módica suma,codigo_q11,EDU-PENSAMIENTO-CRITICO; EDU-HERRAMIENTA-FUTURO,EDU-PENSAMIENTO-CRITICO
88,87,q11,"Es importante, me parece, me parece importante pero me parece estaría buena la virtualidad también, que le den la opción a los adolescentes, a los jóvenes adolescentes, a los niños no, porque no se enganchan tanto a lo virtual, pero sí a ese grupo etario que tenga la posibilidad de adultos también de estudiar más virtualmente.",codigo_q11,EDU-HERRAMIENTA-FUTURO,EDU-HERRAMIENTA-FUTURO; CRÍTICA-PEDAGÓGICA-REFORMA
90,89,q11,Xq tienen q asistir todos los dias,codigo_q11,EDU-OBLIGACION-CIVICA; EDU-INTEGRAL-SOCIAL,EDU-OBLIGACION-CIVICA
92,91,q11,Claramente para que sepan que es una responsabilidad y disciplina en la vida . Para que no pierdan días de clase   no pierdan los temas,codigo_q11,EDU-OBLIGACION-CIVICA; EDU-INTEGRAL-SOCIAL,EDU-OBLIGACION-CIVICA; EDU-INTEGRAL-SOCIAL; EDU-HERRAMIENTA-FUTURO
105,104,q11,porque la educación tiene multiples funciones  además de dar herramientas para la vida  genera posibilidades de socialización saludable  a veces también alimentación adecuada y ejercicio  sumando otros referente vitales.,codigo_q11,EDU-INTEGRAL-SOCIAL; EDU-HERRAMIENTA-FUTURO,EDU-INTEGRAL-SOCIAL; EDU-HERRAMIENTA-FUTURO; EDU-CONTENCION-ESTADO
112,111,q11,Es el tiempo que tienen xa formarse  ya luego tocan más respobsabillidadds,codigo_q11,EDU-HERRAMIENTA-FUTURO; EDU-INTEGRAL-SOCIAL,EDU-HERRAMIENTA-FUTURO
115,114,q11,"Y porque es lo que hablamos, lo que estamos hablando, debe ser algo prioritario el tema de la educación y que los grises y todo puedan ir al centro y si no quieren ir por las buenas, obligarlos a que vayan a estudiar eso está clarísimo y que tengan las mismas condiciones igualitarias de todo.",codigo_q11,EDU-OBLIGACION-CIVICA; EDU-CONTRA-DELINCUENCIA; EDU-INTEGRAL-SOCIAL,EDU-OBLIGACION-CIVICA; EDU-INTEGRAL-SOCIAL
8,7,q12,Que asistan a clase,codigo_q12,SUG-REFORMA-PEDAGOGICA,
25,24,q12,Que pongan más enfasisis en atraer a los padres para que la educación de sus hijos se como las de antes,codigo_q12,SUG-VUELTA-TRADICION,SUG-VUELTA-TRADICION; SUG-ACOMPAÑAMIENTO-BIOPSICO
26,25,q12,Que saquen las ceibalitas de circulación y saquen más libros,codigo_q12,SUG-INFRAESTRUCTURA-LOGISTICA,SUG-VUELTA-TRADICION
28,27,q12,"Yo pienso que es el trabajo de los maestros, de que el niño quiera ir a la escuela. Incentivar a los niños que quieran ir a la escuela. Y tal, bueno, el padre y la madre, por recibir una asignación familiar o lo que fuere, los mandaban porque hacía un tiempo era obligación, cuantas faltas, te quitaban la asignación. Ahora parece que no, que no es obligación estudiar para recibir la asignación. Bueno, para mí es una de las maneras para que el padre o la madre se sienta atrapado a que el niño vaya a estudiar. Es quitándole la asignación, tocarlo donde algo lo duela porque hoy el mundo está muy cambiado. Muy cambiado, ya no es importante, muchas cosas, las fechas patrias, la magoña, la túnica, ya no es importante para mucha gente. Hay gente que no sabe quién es Artiga, quién es Varela, quién es quien fundó tal cosa. Por eso la educación se perdió, que ya creo que hace unos 20 años se viene perdiendo, deteriorando.",codigo_q12,SUG-PUNITIVA-FINANCIERA; SUG-EMPATIA-DOCENTE,SUG-PUNITIVA-FINANCIERA; SUG-EMPATIA-DOCENTE; SUG-VUELTA-TRADICION
34,33,q12,"que mejoren la calidad de los profesores y de los maestros que dan lástima no saben ni hablar que corrijan las faltas que se hagan de vuelta las planas cuando las faltas están mal que se actualicen las informaciones que se den más conocimiento general y que se dejen de darle mosnas y que pongan condiciones reales de estudio Salones buenos, limpios, con buena calefacción y dejen las limosnas de la copa de leche y eso si no se encargue de darle trabajo para que la gente pueda mandar dignamente a estudiar a sus hijos",codigo_q12,SUG-EMPATIA-DOCENTE; SUG-INFRAESTRUCTURA-LOGISTICA; SUG-ASISTENCIALISMO-BECAS,SUG-EMPATIA-DOCENTE; SUG-INFRAESTRUCTURA-LOGISTICA; SUG-VUELTA-TRADICION
41,40,q12,Que los planes cambien y la manera de evaluar también.nMás educación en los sujetos  tratando la realidad social y el contexto de cada uno de ellos.,codigo_q12,SUG-REFORMA-PEDAGOGICA; SUG-EMPATIA-DOCENTE,SUG-REFORMA-PEDAGOGICA; SUG-ACOMPAÑAMIENTO-BIOPSICO
43,42,q12,Que los profesores vayan todos días exsigan que vaya estudiar los gurises que los incentivos para estudies,codigo_q12,SUG-ASISTENCIALISMO-BECAS; SUG-EMPATIA-DOCENTE,SUG-REFORMA-PEDAGOGICA; SUG-EMPATIA-DOCENTE
55,54,q12,No sé lo q haría. Pero si se lo q no haría. Darles tablet y computadoras para q las usen para jugar  no es la solución.,codigo_q12,SUG-INFRAESTRUCTURA-LOGISTICA,SUG-VUELTA-TRADICION
57,56,q12,Que enseñen inteligencia emocional.,codigo_q12,SUG-EMPATIA-DOCENTE,SUG-REFORMA-PEDAGOGICA
59,58,q12,No sé me parece que ya haya muchas facilidades para que todos puedan acceder a la educación,codigo_q12,SUG-INFRAESTRUCTURA-LOGISTICA,
62,61,q12,Depende de la enseñanza para ellos ser mejores personas,codigo_q12,SUG-REFORMA-PEDAGOGICA,
64,63,q12,Sugeriria a las autoridades priorizar la aplicación de apoyos tempranos para evitar la repetición y deserción  fortalecer la capacitación docente ante los nuevos cambios curriculares,codigo_q12,SUG-ASISTENCIALISMO-BECAS; SUG-REFORMA-PEDAGOGICA; SUG-ACOMPAÑAMIENTO-BIOPSICO,SUG-REFORMA-PEDAGOGICA; SUG-ACOMPAÑAMIENTO-BIOPSICO; SUG-EMPATIA-DOCENTE
65,64,q12,Que le den trabajo a los padres,codigo_q12,SUG-ASISTENCIALISMO-BECAS,SUG-ACOMPAÑAMIENTO-BIOPSICO
76,75,q12,Creo que habría que volver a brindar seguridad y un ámbito cálido dónde se les asegure la alimentación.,codigo_q12,SUG-INFRAESTRUCTURA-LOGISTICA; SUG-ASISTENCIALISMO-BECAS,SUG-INFRAESTRUCTURA-LOGISTICA
84,83,q12,Nose realmente,codigo_q12,SUG-ACOMPAÑAMIENTO-BIOPSICO,
87,86,q12,A las autoridades les diría que tienen todo el apoyo de la ciudadanía que bajen los brazos seguir empujando,codigo_q12,SUG-ACOMPAÑAMIENTO-BIOPSICO,
88,87,q12,"que puede ser virtual también, no a los niños, pero a los niños incentivarlos de alguna forma, con una actividad recreativa que les guste más algún día de la semana, adolescentes y jóvenes que puedan tener algunas clases virtuales, y más en invierno.",codigo_q12,SUG-REFORMA-PEDAGOGICA; SUG-INFRAESTRUCTURA-LOGISTICA; SUG-ASISTENCIALISMO-BECAS,SUG-REFORMA-PEDAGOGICA; SUG-INFRAESTRUCTURA-LOGISTICA
94,93,q12,Es muy difícil. La asistencia a las escuelas depende de los padres y si estos no sienten la obligación de enviarlos no creo que halla solución,codigo_q12,SUG-ACOMPAÑAMIENTO-BIOPSICO,SUG-PUNITIVA-FINANCIERA
96,95,q12,Muy importante,codigo_q12,SUG-REFORMA-PEDAGOGICA,
101,100,q12,Que no hubiera clases superpobladas y que hubiera contención para los niños y jóvenes,codigo_q12,SUG-INFRAESTRUCTURA-LOGISTICA,SUG-INFRAESTRUCTURA-LOGISTICA; SUG-ACOMPAÑAMIENTO-BIOPSICO
105,104,q12,El control de asistencia es fundamental para detectar tempranamente los problemas  daría incentivos a estudiantes y no solo a las familias  incentivos que puedan relacionarse con sus propios intereses como cambios en la didáctica con abordajes vinculados a sus temas cotidianos  asegurar la plena expresión de potenciales de cada persona  dando reconocimientos.,codigo_q12,SUG-REFORMA-PEDAGOGICA; SUG-ACOMPAÑAMIENTO-BIOPSICO; SUG-EMPATIA-DOCENTE,SUG-REFORMA-PEDAGOGICA; SUG-ACOMPAÑAMIENTO-BIOPSICO; SUG-ASISTENCIALISMO-BECAS
110,109,q12,"que recuerden que el cuerpo y el intelecto conforman este un mismo ser que la emoción, el cuerpo y la inteligencia son parte de la misma cosa que haya más espacio para las actividades corporales en relación a la escritura y el aprendizaje que es enterando el cuerpo los los niños o adolescentes todos dejan de usar el celular porque están en actividad mientras están aprendiendo que es no sé que cambien los bancos por otras situaciones de más movimiento que permitan mayor presencia y conciencia",codigo_q12,SUG-REFORMA-PEDAGOGICA; SUG-INFRAESTRUCTURA-LOGISTICA; SUG-ACOMPAÑAMIENTO-BIOPSICO,SUG-REFORMA-PEDAGOGICA; SUG-INFRAESTRUCTURA-LOGISTICA
111,110,q12,Mayor control en asistencia a centros de estudio  mayor inversión en planes de actividades extra estudio,codigo_q12,SUG-REFORMA-PEDAGOGICA; SUG-INFRAESTRUCTURA-LOGISTICA,SUG-REFORMA-PEDAGOGICA; SUG-INFRAESTRUCTURA-LOGISTICA; SUG-ACOMPAÑAMIENTO-BIOPSICO
113,112,q12,Estoy convencido  que algunos cambios  se han implantado  no sé si son suficientes o escasos. Cómo parte de la sociedad  quiero  espero y que sea prioridad  obligatorio y muy necesario la accesibilidad a la educación a todo los niveles.,codigo_q12,SUG-INFRAESTRUCTURA-LOGISTICA; SUG-REFORMA-PEDAGOGICA; SUG-ASISTENCIALISMO-BECAS,SUG-INFRAESTRUCTURA-LOGISTICA; SUG-REFORMA-PEDAGOGICA
2,1,q13,La asignación  que muchos pueden alimentarse en sus aulas!!,codigo_q13,PROG-TRANSPORTE-ALIMENTOS,PROG-MATRICULA-HISTORICA; PROG-TRANSPORTE-ALIMENTOS
4,3,q13,Sí  becas. No sé mucho como funcionan pero sé q son un apoyo económico para los adolescentes,codigo_q13,PROG-BONO-ESCOLAR,PROG-BECA-BUTIA
9,8,q13,Sí  he escuchado sobre algunos apoyos como las becas estudiantiles  el boleto estudiantil y programas que ayudan con materiales o alimentación. También existen apoyos para que los estudiantes no abandonen los estudios  especialmente para quienes tienen dificultades económicas o necesitan más acompañamiento para seguir estudiando.,codigo_q13,PROG-TRANSPORTE-ALIMENTOS,PROG-BECA-BUTIA; PROG-TRANSPORTE-ALIMENTOS
11,10,q13,Si. La ayuda para los niños de primaria,codigo_q13,PROG-MATRICULA-HISTORICA,PROG-BONO-ESCOLAR
16,15,q13,Sí  hay bonos  becas  con muchos nombres q no recuerdo,codigo_q13,PROG-BONO-ESCOLAR,PROG-BONO-ESCOLAR; PROG-BECA-BUTIA
28,27,q13,"No, solo tengo conocimiento de las becas que dan las intendencias que son becas que algunas sirven a otras no y bueno el inefob puede que ayude un poco medio así como no cree mucho la gente en ellos pero bueno es lo único que se hasta ahora es lo único que se la ayuda que le dan a los estudiantes",codigo_q13,PROG-RECHAZO-MALUSO,PROG-BECA-BUTIA; PROG-RECHAZO-MALUSO
31,30,q13,Hay ciertas becas pero son puestas a dedi,codigo_q13,PROG-RECHAZO-MALUSO,PROG-BECA-BUTIA; PROG-RECHAZO-MALUSO
34,33,q13,"Algún incremento en las asignaciones, creo, de los que tienen menos ingresos, al decir más bajo, pero eso es miseria, como siempre, limosnos, un asco.",codigo_q13,PROG-MATRICULA-HISTORICA,PROG-MATRICULA-HISTORICA; PROG-RECHAZO-MALUSO
39,38,q13,"No, no he escuchado, pero no hay que pagarle a los niños para que sigan vayando a la escuela. Este tiene que salir de los padres para que los hijos sean alguien en la vida. No hay que darle plata y motivarlo por plata para que vayan a estudiar.",codigo_q13,PROG-DESCONOCIMIENTO,PROG-DESCONOCIMIENTO; PROG-RECHAZO-MALUSO
46,45,q13,Sí  he escuchado de las becas estudiantiles  las asignaciones familiares y algunos apoyos para boletos o materiales  que buscan ayudar a que los estudiantes sigan estudiando y no abandonen.,codigo_q13,PROG-MATRICULA-HISTORICA; PROG-TRANSPORTE-ALIMENTOS,PROG-BECA-BUTIA; PROG-MATRICULA-HISTORICA; PROG-TRANSPORTE-ALIMENTOS
50,49,q13,Si  en la escuela por ejemplo a los padres se les da la asignación familiar quizás no es mucho pero es un incentivo para que los niños vayan ahí les da para los útiles  otra es las becas de las instituciones utu  liceo  etc con eso muchos pueden comprar útiles  comida y seguir con los estudios,codigo_q13,PROG-MATRICULA-HISTORICA; PROG-TRANSPORTE-ALIMENTOS,PROG-MATRICULA-HISTORICA; PROG-BECA-BUTIA; PROG-TRANSPORTE-ALIMENTOS
52,51,q13,No,codigo_q13,,PROG-DESCONOCIMIENTO
56,55,q13,Si  las becas,codigo_q13,PROG-MATRICULA-HISTORICA,PROG-BECA-BUTIA
61,60,q13,El Estado da Becas  y existe el Fondo de Solaridad  para lo estudiantes de bajo recurso,codigo_q13,PROG-MATRICULA-HISTORICA,PROG-BECA-BUTIA; PROG-MATRICULA-HISTORICA
72,71,q13,Becas del MEC y asignaciones familiares en secundaria  y fondo solidario en universidad.,codigo_q13,PROG-MATRICULA-HISTORICA,PROG-BECA-BUTIA; PROG-MATRICULA-HISTORICA
73,72,q13,Becas....ayudas aprobadas ....que fueron prometidas y ahora se están cumpliendo,codigo_q13,PROG-BONO-ESCOLAR,PROG-BECA-BUTIA; PROG-BONO-ESCOLAR
86,85,q13,La asignación  becas butia para educación media  no se si hay algo más...,codigo_q13,PROG-BECA-BUTIA,PROG-MATRICULA-HISTORICA; PROG-BECA-BUTIA
88,87,q13,"Me parece que les dan un tipo de beca, pero no conozco a nadie, conozco de la facultad, pero no conozco a nadie elicial que le hayan dado una beca, pero creo que existe. Y a los niños también me parece, así desde hace un asunto familiar.",codigo_q13,PROG-BECA-BUTIA,PROG-BECA-BUTIA; PROG-MATRICULA-HISTORICA
93,92,q13,"Sí, yo creo que sí. Yo creo que justamente es lo que yo decía. Las becas y el bono escolar es ese que yo te decía de 2005, creo que es que le dan a los niños de bajas, los que no tienen plata, o sea, los más necesitados.",codigo_q13,PROG-BONO-ESCOLAR,PROG-BECA-BUTIA; PROG-BONO-ESCOLAR
96,95,q13,Muy importante,codigo_q13,PROG-DESCONOCIMIENTO,
97,96,q13,Becas a través de la oficina de la juventud  boletos para transporte   alimentacion,codigo_q13,PROG-TRANSPORTE-ALIMENTOS,PROG-BECA-BUTIA; PROG-TRANSPORTE-ALIMENTOS
112,111,q13,SinBecas estudiantilesnComedores,codigo_q13,PROG-TRANSPORTE-ALIMENTOS,PROG-BECA-BUTIA; PROG-TRANSPORTE-ALIMENTOS
114,113,q13,si el bono escolar,codigo_q13,PROG-TRANSPORTE-ALIMENTOS,PROG-BONO-ESCOLAR
7,6,q14,A veces di  a veces no todo lo público es un arma de doble filo,codigo_q14,CRIT-DISEÑO-CUESTIONAMIENTO,EVAL-EFICACIA-ALCANCE; CRIT-DISEÑO-CUESTIONAMIENTO
15,14,q14,No sabría decir si a los más necesitados. Pero si llega,codigo_q14,EVAL-EFICACIA-ALCANCE,EVAL-EFICACIA-ALCANCE; CRIT-ERROR-FOCALIZACION
33,32,q14,Sí pero creo que no son suficientes.,codigo_q14,EVAL-EFICACIA-ALCANCE,EVAL-EFICACIA-ALCANCE; CRIT-DISEÑO-CUESTIONAMIENTO
41,40,q14,No  creo que la educación aveces es injusta en eso.,codigo_q14,CRIT-DISEÑO-CUESTIONAMIENTO,CRIT-ERROR-FOCALIZACION
44,43,q14,No. Seguro que no llegan a quienes lo necesitan.  Tengo una sobrina que se fue a estudiar a montevideo este año. Porque el año pasado no pudo ir por problemas económicos. 10 en todas las notas. Se anotó a todas las becas. Sabes cuando le dieron alguna! En mayo. Sabes cuando empezaron las clases. En marzo.,codigo_q14,CRIT-BARRERAS-INFRAESTRUCTURA; CRIT-DISEÑO-CUESTIONAMIENTO,CRIT-BARRERAS-INFRAESTRUCTURA; CRIT-ERROR-FOCALIZACION
48,47,q14,"tienen que llegar a todos porque si se supone que los niños están en escuelas rurales, en escuelas públicas es porque no tienen, la mayoría de las veces, la forma de ir una privada y no llegan a pagar una privada.",codigo_q14,EVAL-EFICACIA-ALCANCE,CRIT-ERROR-FOCALIZACION
52,51,q14,No,codigo_q14,CRIT-DISEÑO-CUESTIONAMIENTO,CRIT-ERROR-FOCALIZACION
55,54,q14,No estoy muy d acuerdo con los bonos. No cumplen el rol para los cuales fueron adjudicados,codigo_q14,CRIT-DISEÑO-CUESTIONAMIENTO,CRIT-DISEÑO-CUESTIONAMIENTO; CRIT-MALUSO-CONTROL
61,60,q14,La verdad que se que existen pero no sé si llegan a los que más necesitan,codigo_q14,CRIT-ERROR-FOCALIZACION,DESCONOCIMIENTO-ABS
65,64,q14,Si,codigo_q14,DESCONOCIMIENTO-ABS,EVAL-EFICACIA-ALCANCE
68,67,q14,La verdad no sé bien cómo se controlan esos programas  así que no podría decir si realmente llegan a quienes más lo necesitan,codigo_q14,CRIT-DISEÑO-CUESTIONAMIENTO; CRIT-MALUSO-CONTROL,DESCONOCIMIENTO-ABS
77,76,q14,"Estos programas son siempre muy lindos de escuchar, pero en la práctica no tienen esos fins. Empezando, lo que se le da a los niños no le llega a los niños. En los hogares jareciados, generalmente los padres son los que se apropian de esas sumas y lo utilizan en beneficio propio. Las becas sí pueden servir, pero para llegar a las becas tienen que tener un nivel social económico adecuado, sino no tienen las becas y es algo que llega a un sector de la población y no llega a todos los sectores. Lo importante es que sean beneficios que lleguen a todos los sectores de la población.",codigo_q14,CRIT-ERROR-FOCALIZACION; CRIT-DISEÑO-CUESTIONAMIENTO,CRIT-ERROR-FOCALIZACION; CRIT-DISEÑO-CUESTIONAMIENTO; CRIT-MALUSO-CONTROL
79,78,q14,He escuchado nombrar si estos dos programas  no tengo idea a quienes les llega y de que forma espero que si sea para quienes no pueden acceder de otra forma,codigo_q14,CRIT-BARRERAS-INFRAESTRUCTURA; CRIT-DISEÑO-CUESTIONAMIENTO; EVAL-EFICACIA-ALCANCE,DESCONOCIMIENTO-ABS
80,79,q14,Si  es cierto. Las escuché nombrar. nNo lo creo  escuché que van a quitar la obligatoriedad de asistir a las escuelas para cobrar la asignación así que pienso que por ese mismo motivo  esas becas tampoco deben estar bien controladas,codigo_q14,CRIT-DISEÑO-CUESTIONAMIENTO; CRIT-CLIENTELISMO-OPACIDAD,CRIT-DISEÑO-CUESTIONAMIENTO; CRIT-MALUSO-CONTROL
82,81,q14,No,codigo_q14,CRIT-BARRERAS-INFRAESTRUCTURA,CRIT-ERROR-FOCALIZACION
90,89,q14,No lo creo,codigo_q14,CRIT-DISEÑO-CUESTIONAMIENTO,CRIT-ERROR-FOCALIZACION
93,92,q14,"Porque me parece que si les dan determinadas propuestas educativas, bueno, aunque tengan que ser más extensos los horarios, yo pienso que sería positivo. Yo tengo unos nenes conocidos que van a una escuela de tiempo completo y bueno, están desde la mañana hasta la tarde en la escuela. Pero yo pienso que eso es positivo, porque de repente pueden tener más interés, tienen más tiempo de clase.",codigo_q14,EVAL-EFICACIA-ALCANCE; CRIT-DISEÑO-CUESTIONAMIENTO,EVAL-EFICACIA-ALCANCE
95,94,q14,No siempre,codigo_q14,CRIT-DISEÑO-CUESTIONAMIENTO,EVAL-EFICACIA-ALCANCE; CRIT-ERROR-FOCALIZACION
96,95,q14,Muy importante,codigo_q14,EVAL-EFICACIA-ALCANCE,
98,97,q14,Espero que si,codigo_q14,,EVAL-EFICACIA-ALCANCE
99,98,q14,No creo q no llega a todos,codigo_q14,EVAL-EFICACIA-ALCANCE,CRIT-ERROR-FOCALIZACION
101,100,q14,No todo se arregla con dinero tal vez si llega no lo se,codigo_q14,CRIT-DISEÑO-CUESTIONAMIENTO,CRIT-DISEÑO-CUESTIONAMIENTO; DESCONOCIMIENTO-ABS
103,102,q14,TENGO MIS DUDAS  PERO CON RELACION A LA RESPUESTA ANTERIOR SE DEBE RENDIR EN QUE SE GASTO EL DINERO QUE RECIBIERON,codigo_q14,CRIT-CLIENTELISMO-OPACIDAD; CRIT-MALUSO-CONTROL,CRIT-MALUSO-CONTROL
109,108,q14,Si  pero debería ser generalizado y reforzado en algunos sectores de la población.,codigo_q14,EVAL-EFICACIA-ALCANCE,EVAL-EFICACIA-ALCANCE; CRIT-ERROR-FOCALIZACION
116,115,q14,Y a veces si a veces no,codigo_q14,EVAL-EFICACIA-ALCANCE,EVAL-EFICACIA-ALCANCE; CRIT-ERROR-FOCALIZACION
7,6,q16,Se i les van a dar canto artesanías etc no sirve . Lo importante es que le den ciencia tecnología matematicas,codigo_q16,PROP-RECREACION-JUEGO; PROP-CALIDAD-CONTENIDO,PROP-CALIDAD-CONTENIDO
20,19,q16,Hoy en día los padres trabajan más horas   el tiempo completo bien establecido está exelente si está bien implementado.,codigo_q16,PROP-CONCILIACION-FAMILIAR,PROP-CONCILIACION-FAMILIAR; PROP-CALIDAD-CONTENIDO
22,21,q16,3,codigo_q16,PROP-CALIDAD-CONTENIDO,
30,29,q16,tiene que ver con la identidad.,codigo_q16,PROP-CALIDAD-CONTENIDO,
31,30,q16,3,codigo_q16,PROP-CALIDAD-CONTENIDO,
42,41,q16,Por lo q expliqué anteriormente,codigo_q16,PROP-CALIDAD-CONTENIDO,
47,46,q16,A,codigo_q16,PROP-CALIDAD-CONTENIDO,
52,51,q16,También tienen que estar con la flia,codigo_q16,PROP-CONCILIACION-FAMILIAR,PROP-CONCILIACION-FAMILIAR; PROP-RECHAZO-DESGASTE
60,59,q16,Cada vez debilitamos más la familia como base medular de la sociedad,codigo_q16,PROP-CALIDAD-CONTENIDO,PROP-RECHAZO-DESGASTE; PROP-CONCILIACION-FAMILIAR
80,79,q16,Porque es una buena forma de que los NNA estén ocupados  en lugar de tener tiempo libre que muchos usan para estar en la calle,codigo_q16,PROP-RECREACION-JUEGO,PROP-CONTENCION-PROTECCION
81,80,q16,Porque si,codigo_q16,PROP-CALIDAD-CONTENIDO,
82,81,q16,Los forma como personas,codigo_q16,PROP-RECREACION-JUEGO,PROP-CALIDAD-CONTENIDO
84,83,q16,Puede ser algo útil o recteativo,codigo_q16,PROP-CALIDAD-CONTENIDO,PROP-CALIDAD-CONTENIDO; PROP-RECREACION-JUEGO
91,90,q16,No están en la calle  aprenden más,codigo_q16,PROP-CALIDAD-CONTENIDO,PROP-CONTENCION-PROTECCION; PROP-CALIDAD-CONTENIDO
92,91,q16,Genera vivencias y recuerdos,codigo_q16,PROP-CALIDAD-CONTENIDO,PROP-RECREACION-JUEGO
99,98,q16,Porque depende de la propuesta  aveces si están muy sobrecargados después se aburren y no quieren saber nada,codigo_q16,PROP-CONCILIACION-FAMILIAR,PROP-CALIDAD-CONTENIDO; PROP-RECHAZO-DESGASTE
107,106,q16,Porque si más actitvidades se realizan en los centros educativos  más tiempo los mantienen ahí  y menos interés les genera a los niños por libre asociación,codigo_q16,PROP-CALIDAD-CONTENIDO; PROP-RECREACION-JUEGO,PROP-RECHAZO-DESGASTE; PROP-CALIDAD-CONTENIDO
109,108,q16,3,codigo_q16,PROP-CALIDAD-CONTENIDO,
110,109,q16,"Porque me imagino que si las propuestas educativas implican tener más tiempo y no estar pensando en aplicar el programa, sino en ver cómo son los procesos y tomar los tiempos necesarios para que esos procesos sucedan, pueden cambiar las formas de la educación, se puede considerar más lo que los niños necesitan, que realmente sea un lugar donde sean recibidos, acompañados y justamente en las situaciones más precarias, que sea un lugar donde puedan recibir amor.",codigo_q16,PROP-CALIDAD-CONTENIDO,PROP-CALIDAD-CONTENIDO; PROP-CONTENCION-PROTECCION
117,116,q16,Porque Haci los chico aprenden más y no estan solo en la casa con tanta pantalla,codigo_q16,PROP-LIMITACION-PANTALLAS,PROP-LIMITACION-PANTALLAS; PROP-CALIDAD-CONTENIDO; PROP-CONTENCION-PROTECCION
